id,depth,MSE,NRMSE,RMSPE,MAE,R2,time,MAPE
Single:assemblyInstr,12,1219672.36,7.769025719075022,27.182217228328394,413.96,1.0,0.06572318077087402,11.964570897244647
Single:clockCycles,16,52466.32,0.25024242480119524,4.360977849870476,33.67,1.0,0.06391024589538574,0.8510499332277208
Single:text,16,22.84,0.00563175872527085,0.2844548711508052,0.5,1.0,0.04672074317932129,0.02964146462420311
Single:data,16,64.57,0.20054753484043925,44.94567375111386,1.95,1.0,0.0758659839630127,7.623248987117683
Single:bss,12,58.4,0.30779548828079034,24.26625497754311,1.6,1.0,0.058388710021972656,13.305354438382302
