id,depth,MSE,NRMSE,RMSPE,MAE,R2,time,MAPE
Single:assemblyInstr,12,1139547.69,7.258650439305297,27.179008921217644,404.75,1.0,0.06573367118835449,11.95093881620865
Single:clockCycles,16,52466.32,0.25024242480119524,4.360977849870476,33.67,1.0,0.07031941413879395,0.8510499332277208
Single:text,16,22.84,0.00563175872527085,0.2844548711508052,0.5,1.0,0.0495905876159668,0.02964146462420311
Single:data,16,64.57,0.20054753484043925,44.94567375111386,1.95,1.0,0.07596921920776367,7.623248987117683
Single:bss,12,58.4,0.30779548828079034,24.26625497754311,1.6,1.0,0.06471991539001465,13.305354438382302
