id,kernel,RMSE,NRMSE,RMSPE,MAE,R2,time,MAPE
assemblyInstr,150,589226.82,117.89166681281891,254.13926240758377,472.57,0.98,0.8156805038452148,135.21529632665514
clockCycles,150,1204780.29,171.74089250701917,113.66810061702162,693.1,0.98,0.7526273727416992,71.6018256831145
text,500,1608200.69,2080.2708235179252,10.136679031521917,1008.12,-1.69,0.8011384010314941,7.6875840361560694
data,1000,46800.47,266.62726032268205,54.20175529191582,132.99,-0.52,0.7556545734405518,46.4306907698321
bss,1000,1424.49,inf,10.256098513065352,28.94,0.0,0.7285213470458984,7.863964189958661
