id,kernel,RMSE,NRMSE,RMSPE,MAE,R2,time,MAPE
assemblyInstr,linear,234837223.46,20825.45407283864,99.70908369463064,10377.05,-0.85,4.882513046264648,99.70741846024237
clockCycles,linear,487851947.56,29959.618197551434,99.80506727183185,14923.16,-0.84,4.738775968551636,99.80436108748417
text,linear,2507304.15,2327.6666914119655,98.71743933490323,1160.6,-1.16,4.730446815490723,98.7131155433564
data,linear,38724.82,218.91845414696874,85.38270507836333,88.9,-0.24,4.881138563156128,73.67688103566896
bss,linear,47.66,inf,nan,6.9,0.0,4.702144622802734,nan
