id,kernel,RMSE,NRMSE,RMSPE,MAE,R2,time,MAPE
assemblyInstr,linear,1790110.11,498.4945863003566,1056.1747927754777,895.59,0.86,0.0,477.3059287595752
clockCycles,linear,11925945.6,1756.0028922418533,1840.328623573546,2272.36,0.74,0.009654998779296875,823.4917672280515
text,linear,407069.78,642.9962384601254,114.336608092437,489.71,-0.02,4.861988544464111,101.4157298927759
data,linear,36867.06,208.48108275224877,203.54189255945255,86.41,-0.18,5.042190313339233,117.99049920951428
bss,linear,0.01,inf,nan,0.1,0.0,4.791343450546265,nan
