id,depth,MSE,NRMSE,RMSPE,MAE,R2,time,MAPE
Single:assemblyInstr,12,5276.76,0.9338266196094172,2.665835785510182,12.32,1.0,1.8594944477081299,0.3490034634627163
Single:clockCycles,12,4630.18,0.6226627444234796,1.3139464843504858,12.34,1.0,1.8371098041534424,0.24360339743244014
Single:text,12,0.01,1.6534449760435917e-05,0.07751175250780089,0.01,1.0,1.15863037109375,0.012101376266313224
Single:data,12,0.52,0.0029302785579572283,1.2115948817938385,0.04,1.0,1.5764825344085693,0.08717806961899367
Single:bss,12,0.0,nan,nan,0.0,1.0,0.11095523834228516,nan
