id,kernel,RMSE,NRMSE,RMSPE,MAE,R2,time,MAPE
assemblyInstr,linear,5947614.8,1052.5475904575565,165.16787808160237,1374.85,0.81,0.014032125473022461,98.07250258082706
clockCycles,linear,2852171.84,383.55769008156,217.34872244050462,967.42,0.95,0.0,108.32633144990996
text,linear,13156638.03,21753.777052328263,2424.446331092618,1903.77,-34.97,0.015609264373779297,1057.2845051556803
data,linear,37155.15,209.3748833897859,189.43893682848665,87.11,-0.18,5.065165758132935,129.46767221591372
bss,linear,47.62,inf,nan,6.9,0.0,4.908311367034912,nan
