id,depth,MSE,NRMSE,RMSPE,MAE,R2,time,MAPE
Single:assemblyInstr,12,8890017.17,68.3860417046084,4.217060854149148,279.38,1.0,0.4649217128753662,0.9643956207049775
Single:clockCycles,12,10726711.92,42.096118447960094,4.489237682484473,383.75,1.0,0.46086573600769043,0.9401952420063368
Single:text,12,15.68,0.026713056084241085,0.30218352626323675,1.16,1.0,0.24030065536499023,0.09327057455122464
Single:data,10,8.36,0.043540116931910386,2.3575517143130815,0.82,1.0,0.2851982116699219,1.0526511050024066
Single:bss,12,0.06,0.0009214127945430561,1.8133334992218728,0.07,1.0,0.24071931838989258,0.7292840450202182
