id,depth,MSE,NRMSE,RMSPE,MAE,R2,time,MAPE
Single:assemblyInstr,12,6002427.71,46.17339470278628,3.306163211791783,288.78,1.0,0.4439206123352051,1.0351281352357287
Single:clockCycles,12,33124471.86,129.99432643891504,4.29527788072749,515.21,1.0,0.45656824111938477,0.9128172850510969
Single:text,12,14.93,0.025435326998579044,0.29712594673608467,1.14,1.0,0.236680269241333,0.09412270547172573
Single:data,10,6.98,0.03635287274937016,2.576739916196679,0.83,1.0,0.2793416976928711,1.1339464483796136
Single:bss,12,0.08,0.0012285503927240747,1.530370087721719,0.07,1.0,0.2301478385925293,0.6867892762070641
