id,depth,MSE,NRMSE,RMSPE,MAE,R2,time,MAPE
Single:assemblyInstr,12,34868.23,0.2473310983172123,17.80302763749331,93.13,1.0,0.0611422061920166,7.325302759844393
Single:clockCycles,12,23470.5,0.12472961668508427,7.086500648239282,78.93,1.0,0.06044769287109375,3.2721344832053565
Single:text,12,0.25,0.0005947148397163661,0.09993308421436635,0.05,1.0,0.045032501220703125,0.011887879724073869
Single:data,12,2.44,0.012904961168946436,4.816095024140935,0.38,1.0,0.05346822738647461,1.516649483098263
Single:bss,12,0.06,0.000910541381307499,1.396975227618669,0.03,1.0,0.04011678695678711,0.26151498991412736
