id,depth,MSE,NRMSE,RMSPE,MAE,R2,time,MAPE
Single:assemblyInstr,12,34868.23,0.2473310983172123,17.80302763752952,93.13,1.0,0.04667830467224121,7.325302777538371
Single:clockCycles,12,23470.5,0.12472961668508427,7.086500648263759,78.93,1.0,0.0696718692779541,3.2721344905807053
Single:text,12,0.31,0.0007374464012482939,0.10497108436242454,0.06,1.0,0.048933982849121094,0.012497793147111599
Single:data,12,2.44,0.012904961168946436,4.806751061031813,0.38,1.0,0.05381035804748535,1.5076191800679601
Single:bss,12,0.06,0.000910541381307499,1.396975227618669,0.03,1.0,0.04194378852844238,0.26151498991412736
