id,kernel,RMSE,NRMSE,RMSPE,MAE,R2,time,MAPE
assemblyInstr,150,18446631.28,130.8476390896541,35115.92836209737,1475.49,1.0,0.5392513275146484,4385.615327831031
clockCycles,150,24730587.69,131.42611887137323,26504.685454381353,2236.37,1.0,0.5419232845306396,3454.5195930861423
text,1000,99135.01,235.8282463297241,103.19196486588031,185.22,0.44,0.48371219635009766,68.07966267563229
data,500,1649.32,8.72311907998643,5567.867879808304,23.47,0.95,0.45394372940063477,1764.0090351551046
bss,1000,85.94,1.304198771826115,553.0970632225813,7.29,0.98,0.4685182571411133,229.5253168054356
