id,kernel,RMSE,NRMSE,RMSPE,MAE,R2,time,MAPE
assemblyInstr,150,21587557.72,153.1271980503118,34717.782753223226,1476.38,1.0,0.5013453960418701,4381.813139062674
clockCycles,150,44479372.07,236.3773685556058,26901.466140995086,2054.92,1.0,0.5076172351837158,3554.9795627955073
text,1000,347865.25,827.522505586584,92.53538834980644,469.91,-0.97,0.5187931060791016,71.62875017027464
data,500,5629.43,29.773596538238802,4197.181921129324,38.56,0.84,0.5253686904907227,1295.4725725634437
bss,1000,198.5,3.0123744031589927,576.7300909814328,8.41,0.95,0.5116076469421387,229.55101254170495
