id,kernel,RMSE,NRMSE,RMSPE,MAE,R2,time,MAPE
assemblyInstr,150,1015780.36,282.86584579438374,4859.684254534399,712.23,0.92,2.1321682929992676,1558.4465983023542
clockCycles,150,1467705.53,216.10824349553985,4319.927817526648,813.36,0.97,0.7645697593688965,1327.9607668007661
text,1000,646202.39,1020.7235379986766,133.99141249196435,502.69,-0.61,0.7261002063751221,84.816163332067
data,1000,29447.53,166.52407159071888,579.2310854022895,90.97,0.06,0.7560689449310303,240.32548126675403
bss,1000,6148.01,inf,nan,36.04,0.0,0.7886302471160889,nan
