id,depth,MSE,NRMSE,RMSPE,MAE,R2,time,MAPE
Single:assemblyInstr,12,2134.7,0.37777721269874365,2.567330401663169,10.87,1.0,0.2845158576965332,0.5412854083458063
Single:clockCycles,16,125.93,0.016934961363326867,0.46160362940586475,1.26,1.0,0.29954004287719727,0.05161011486604276
Single:text,16,0.0,0.0,0.0,0.0,1.0,0.22096538543701172,0.0
Single:data,16,0.0,0.0,0.0,0.0,1.0,0.267869234085083,0.0
Single:bss,12,0.0,nan,nan,0.0,1.0,0.07942533493041992,nan
