id,kernel,RMSE,NRMSE,RMSPE,MAE,R2,time,MAPE
assemblyInstr,150,29276794.33,186.4862856462864,197267.25572079147,1673.34,1.0,0.5272901058197021,20018.242481088273
clockCycles,150,56868130.19,271.2372202330115,182553.58706015293,2319.96,1.0,0.5697846412658691,18927.567443724376
text,1000,223542.03,55.119736336131986,1017.4061682587067,357.05,0.99,0.5595896244049072,345.9486753015095
data,500,2008.22,6.237317181620886,14146.99453786703,25.85,0.98,0.5151722431182861,3208.770724572585
bss,1000,203.1,1.0704325970860962,2631.5535288747787,9.01,0.99,0.5746667385101318,1186.3095045137636
