id,kernel,RMSE,NRMSE,RMSPE,MAE,R2,time,MAPE
assemblyInstr,150,28954279.89,184.43194461068805,197061.151571198,1891.59,1.0,0.5522737503051758,20272.67326533906
clockCycles,150,63985151.54,305.18243842223984,179714.53071065494,3839.96,1.0,0.4892404079437256,18063.01198296648
text,1000,194464.3,47.949913234618435,1076.930815577294,322.15,0.99,0.4467923641204834,382.4644013441278
data,500,7268.19,22.574223126094306,13910.508112231579,38.68,0.93,0.47649598121643066,3038.716916876958
bss,1000,87.11,0.45911070178320945,2483.3796123129255,5.27,1.0,0.4634721279144287,1110.619436175468
