id,kernel,RMSE,NRMSE,RMSPE,MAE,R2,time,MAPE
assemblyInstr,150,309112.39,54.70352607150626,4635.75001300455,306.99,0.99,0.8107752799987793,1413.1551371496191
clockCycles,150,889104.69,119.56605711985485,5184.19246637311,583.21,0.98,0.6916525363922119,1619.2992598730402
text,1000,522534.7,863.9823745234734,109.37438337827994,468.2,-0.43,0.717475414276123,77.84120039806623
data,500,39476.72,222.45728106631861,279.2387414372863,103.02,-0.25,0.8044519424438477,160.9236457987846
bss,1000,10279.67,inf,nan,50.11,0.0,0.7486577033996582,nan
