id,kernel,RMSE,NRMSE,RMSPE,MAE,R2,time,MAPE
assemblyInstr,null,21222599016.65,150538.43352340633,99.16940944689186,36706.92,-0.07,2.4101171493530273,99.15878951161787
clockCycles,null,37820921076.65,200992.2664011155,99.49713566171843,49114.92,-0.07,2.3230316638946533,99.49376173572367
text,null,751948.17,1788.7789415862799,98.7096652424106,758.53,-3.26,2.3078243732452393,98.70711606977844
data,null,44365.52,234.6456200164429,131.29876847669718,97.33,-0.24,2.38761568069458,106.84105729423594
bss,null,4624.15,70.17466547288491,71.99407110211627,26.92,-0.06,2.337752103805542,68.88308330561385
