id,kernel,RMSE,NRMSE,RMSPE,MAE,R2,time,MAPE
assemblyInstr,linear,21220853662.83,150526.05319101628,99.17736921711261,36706.22,-0.07,2.057375431060791,99.16707563969975
clockCycles,linear,37819636633.34,200985.44046550652,99.50197547493278,49114.64,-0.07,1.9195523262023926,99.49870290878981
text,linear,752597.7,1790.3240821056436,98.75958270189798,758.9,-3.26,2.012721300125122,98.7571704476918
data,linear,44799.83,236.94265021533027,131.06451854959803,97.69,-0.25,2.140749216079712,106.78279253390545
bss,linear,4698.68,71.30570962536572,74.05998029976402,27.29,-0.08,2.2306480407714844,70.99837709875845
