id,MSE,NRMSE,MAE,R2,time
"Single, feature removed:V_VAL_23",79.31,3.695174069254495,2.83,0.83,3.552715539932251
"Single, feature removed:V_VAL_24",382.5,19.88731001624495,6.68,-0.03,3.5934371948242188
"Single, feature removed:V_VAL_25",321.23,18.971892446992285,6.63,-0.12,3.7464849948883057
"Single, feature removed:V_VAL_26",303.03,20.417784046119873,7.96,-0.38,3.91233229637146
"Single, feature removed:V_VAL_27",136.69,11.721753326268047,2.3,-0.01,3.730962038040161
