id,depth,MSE,NRMSE,RMSPE,MAE,R2,time,MAPE
Single:assemblyInstr,12,10867705.32,53.11697773888546,30.661549431179118,1024.16,1.0,0.06592583656311035,13.692309957018209
Single:clockCycles,16,551935.2,2.225027544604647,3.7712503380159292,161.52,1.0,0.08145332336425781,1.3171110723300052
Single:text,16,42.82,0.04979551555339153,0.04992842812505398,1.43,1.0,0.0600888729095459,0.010959953095675972
Single:data,16,1584.43,8.383895907831905,14.685259408927445,10.76,0.96,0.06468486785888672,4.041960543470258
Single:bss,10,389.58,5.93851112922122,3.9108590286396847,5.32,0.91,0.06583929061889648,1.1360739978629542
