id,depth,MSE,NRMSE,RMSPE,MAE,R2,time,MAPE
Single:assemblyInstr,12,10867705.32,53.11697773888546,30.661549431179118,1024.16,1.0,0.06647491455078125,13.692309957018209
Single:clockCycles,16,551935.2,2.225027544604647,3.7712503380159292,161.52,1.0,0.07359933853149414,1.3171110723300052
Single:text,16,41.69,0.04848143492342113,0.04927510012209494,1.41,1.0,0.05810260772705078,0.010736086249010832
Single:data,16,1584.98,8.386806192760432,14.687149704850397,10.78,0.96,0.0725400447845459,4.048945963954582
Single:bss,10,389.59,5.938663562896696,3.9108480614366856,5.32,0.91,0.05549788475036621,1.1373251789652883
