id,kernel,RMSE,NRMSE,RMSPE,MAE,R2,time,MAPE
assemblyInstr,linear,443439038.1,2167.351876201819,15.831822541410666,4268.17,0.99,0.0024406909942626953,11.83920524056934
clockCycles,linear,418134212.19,1685.632913907855,7.225640026186143,4109.02,0.99,0.007863521575927734,5.982093824477698
text,linear,743539.8,864.6648219398694,6.353826687020827,642.15,-0.01,1.9983689785003662,4.982170448356779
data,linear,41249.42,218.26830061185572,32.51909934947938,94.99,-0.15,2.08172869682312,21.398398827057193
bss,linear,4742.88,72.29746307449078,11.138565493580076,26.13,-0.1,1.6404025554656982,5.028266852275247
