id,MSE,NRMSE,MAE,R2,time
"Single, feature removed:V_VAL_23",73.6,3.5338782710676693,2.86,0.83,4.022375583648682
"Single, feature removed:V_VAL_24",631.55,33.595497770664664,13.78,-0.79,3.657191276550293
"Single, feature removed:V_VAL_25",279.46,16.94452423370569,5.28,-0.03,3.75351619720459
"Single, feature removed:V_VAL_26",207.86,14.44038380933689,3.18,-0.0,3.7099149227142334
"Single, feature removed:V_VAL_27",137.28,11.782592573051236,2.64,-0.01,4.086076498031616
