id,kernel,RMSE,NRMSE,RMSPE,MAE,R2,time,MAPE
assemblyInstr,null,43852092.66,214.33141229346128,29.54547107996643,1507.0,1.0,0.006064891815185547,19.542093870367996
clockCycles,null,529144164.76,2133.149582881868,253.78657140142366,13940.91,0.99,0.012718439102172852,148.23442665301098
text,null,639001.23,743.0965830710172,5.979717648318534,605.53,0.14,2.5006067752838135,4.7356025735158545
data,null,38302.13,202.6729303082171,34.17456836150033,91.23,-0.07,2.4317150115966797,21.221119505047064
bss,null,4532.59,69.09193531289137,10.781918975106521,24.65,-0.05,1.7302968502044678,4.689089882598864
