id,depth,MSE,NRMSE,RMSPE,MAE,R2,time,MAPE
Single:assemblyInstr,12,25743.63,2.282954875441491,4.703833999343921,66.21,1.0,2.999915361404419,1.181948666185714
Single:clockCycles,12,59387.28,3.6470495679885833,6.815337792434473,92.48,1.0,3.0608081817626953,1.0983557122947276
Single:text,12,0.06,5.5701260449280016e-05,0.08550191569298367,0.03,1.0,1.3343486785888672,0.011308779892332652
Single:data,12,0.35,0.001978613688880603,0.7803489584008354,0.04,1.0,1.3917467594146729,0.053324047823113334
Single:bss,12,0.0,nan,nan,0.0,1.0,0.09759521484375,nan
