id,depth,MSE,NRMSE,RMSPE,MAE,R2,time,MAPE
Single:assemblyInstr,12,1329.48,0.3702222443705415,1.1535683400066459,11.21,1.0,2.3550987243652344,0.4077256115402004
Single:clockCycles,12,6994.25,1.0298490066114563,7.506939329165248,19.83,1.0,2.405571699142456,0.5528100427764547
Single:text,12,1.27,0.002006057101178935,0.132371447874917,0.05,1.0,1.115743637084961,0.0166515906147873
Single:data,10,1.2,0.0067859302939453055,1.2142079489122726,0.07,1.0,1.2365071773529053,0.08534818020235199
Single:bss,12,0.0,nan,nan,0.0,1.0,0.0964808464050293,nan
