id,kernel,RMSE,NRMSE,RMSPE,MAE,R2,time,MAPE
assemblyInstr,null,12147146.4,93.44135612084443,119.72750474892719,772.09,1.0,0.00796198844909668,38.56323548993886
clockCycles,null,30869907.78,121.14647098534961,182.36894753945222,2144.31,1.0,0.0,66.20630456403906
text,null,319134.93,543.6906430822944,87.64917662491524,401.02,0.07,2.1447229385375977,64.42254873549925
data,null,14998.73,78.11560502753032,793.1527318561084,63.65,0.59,2.166104316711426,375.69355398821256
bss,null,4423.15,67.92578336971908,85.2179284072611,22.97,-0.04,2.021244764328003,80.54337866535977
