id,kernel,RMSE,NRMSE,RMSPE,MAE,R2,time,MAPE
assemblyInstr,linear,6563595.72,50.49015339979522,275.73898710455455,996.92,1.0,0.015526294708251953,96.05369546380192
clockCycles,linear,37430883.61,146.89449309442878,290.8452668753003,2600.97,1.0,0.017145395278930664,103.84481233998119
text,linear,362969.56,618.3690186959398,81.89879390012626,422.52,-0.05,2.051928758621216,62.694960832933454
data,linear,40701.76,211.98078824576032,665.7877808303874,93.3,-0.1,2.3895528316497803,353.7943481145978
bss,linear,4826.88,74.12581649540026,98.38552838267653,24.81,-0.14,1.893956184387207,97.85919511471255
