id,depth,MSE,NRMSE,RMSPE,MAE,R2,time,MAPE
Single:assemblyInstr,12,19256.84,3.8528812472381393,3.612654426715281,45.09,1.0,0.3398406505584717,1.2914014667456033
Single:clockCycles,16,1200.16,0.17108227223008782,0.5105132887606114,7.81,1.0,0.3730282783508301,0.10543310280690654
Single:text,16,0.0,0.0,0.0,0.0,1.0,0.18276762962341309,0.0
Single:data,16,0.0,0.0,0.0,0.0,1.0,0.21922874450683594,0.0
Single:bss,10,0.0,nan,0.0,0.0,1.0,0.08331012725830078,0.0
