id,kernel,RMSE,NRMSE,RMSPE,MAE,R2,time,MAPE
assemblyInstr,linear,435779.47,87.19013856345985,13.68562162928029,429.07,0.98,0.0,10.728843087344062
clockCycles,linear,1762934.01,251.30545612460034,10.465352829569422,958.46,0.96,0.0,8.608315556256281
text,linear,619224.87,800.9917159391844,6.343300355801988,724.79,-0.04,4.9092066287994385,5.895082976983086
data,linear,35785.36,203.87300590060084,31.087619020177225,85.76,-0.16,5.202696084976196,19.518972646710825
bss,linear,0.01,inf,0.0281177444917498,0.1,0.0,3.9377875328063965,0.028083954788660725
