id,depth,MSE,NRMSE,RMSPE,MAE,R2,time,MAPE
Single:assemblyInstr,12,5608.33,1.122106715604589,1.6884932182087284,29.93,1.0,2.5630440711975098,0.6747174148109545
Single:clockCycles,16,9836.54,1.4021943858170145,1.0340873484089095,39.09,1.0,3.4983749389648438,0.4192876292287602
Single:text,12,0.13,0.00016816011132125824,0.002782842551363493,0.02,1.0,0.9903397560119629,0.00016721383362762387
Single:data,10,0.3,0.0017091319402733171,0.18928633699988132,0.03,1.0,1.080129623413086,0.012572407746828392
Single:bss,10,0.0,nan,0.0,0.0,1.0,0.10370922088623047,0.0
