id,depth,MSE,NRMSE,RMSPE,MAE,R2,time,MAPE
Single:assemblyInstr,12,9692.37,0.07455810336038927,9.54702052391873,46.76,1.0,0.06644248962402344,4.714850419358604
Single:clockCycles,12,70065.01,0.27496449816259333,14.477922118604836,125.9,1.0,0.06218457221984863,5.995344377155633
Single:text,16,0.0,0.0,0.0,0.0,1.0,0.04509925842285156,0.0
Single:data,16,0.0,0.0,0.2656404379219186,0.01,1.0,0.0569453239440918,0.034027901807511106
Single:bss,16,0.0,0.0,0.0,0.0,1.0,0.042172908782958984,0.0
