id,depth,MSE,NRMSE,RMSPE,MAE,R2,time,MAPE
Single:assemblyInstr,12,9692.37,0.07455810336038927,9.54702052391873,46.76,1.0,0.07515478134155273,4.714850419358604
Single:clockCycles,12,70065.01,0.27496449816259333,14.477922120807388,125.9,1.0,0.06000065803527832,5.995344494388986
Single:text,16,0.0,0.0,0.0,0.0,1.0,0.0488283634185791,0.0
Single:data,16,0.0,0.0,0.2656404379219186,0.01,1.0,0.04883408546447754,0.034027901807511106
Single:bss,16,0.0,0.0,0.0,0.0,1.0,0.03706622123718262,0.0
