id,depth,MSE,NRMSE,RMSPE,MAE,R2,time,MAPE
Single:assemblyInstr,12,11581.68,3.2251674061899487,6.377824388490952,26.02,1.0,0.32721519470214844,2.1821205243760793
Single:clockCycles,12,14700.78,2.1645757128231855,2.86140205321128,35.31,1.0,0.33516788482666016,1.0857109649464898
Single:text,16,0.0,0.0,0.0,0.0,1.0,0.2213129997253418,0.0
Single:data,16,0.0,0.0,0.0,0.0,1.0,0.2458791732788086,0.0
Single:bss,16,0.0,nan,nan,0.0,1.0,0.07683825492858887,nan
