id,kernel,RMSE,NRMSE,RMSPE,MAE,R2,time,MAPE
assemblyInstr,150,4033090.57,31.024360768302703,50434.17518516407,845.45,1.0,1.4598784446716309,5331.771695412721
clockCycles,150,15291640.19,60.01081240017365,45548.4876456443,1340.08,1.0,0.4949381351470947,4713.279539332754
text,1000,14673.21,24.997849596036236,194.45265126151853,92.47,0.96,0.5949170589447021,112.08038023262613
data,1000,270.53,1.408960267175806,8356.700274968694,11.52,0.99,0.4809226989746094,2226.328284401113
bss,1000,42.77,0.6568137537101127,809.7029756430055,4.47,0.99,0.45351123809814453,288.09919795943824
