id,kernel,RMSE,NRMSE,RMSPE,MAE,R2,time,MAPE
assemblyInstr,150,4498746.43,34.606396714129296,49966.06220747084,896.46,1.0,1.9853267669677734,5183.01249327876
clockCycles,150,14634768.58,57.43297258253993,45573.016095266496,1406.9,1.0,0.5297427177429199,4735.670608867419
text,1000,322168.76,548.8591935248999,177.9103702380341,382.76,0.06,0.4972221851348877,101.46981531506557
data,1000,5741.18,29.900914895591598,7468.7547535560925,33.41,0.84,0.6110963821411133,2085.468352632849
bss,1000,117.35,1.802129857327139,827.1777822325128,6.47,0.97,0.5122103691101074,294.90337539547005
