id,depth,MSE,NRMSE,RMSPE,MAE,R2,time,MAPE
Single:assemblyInstr,12,1460428263.85,9302.584132278549,5363.817075343762,6890.69,0.94,0.4844696521759033,114.52088113697188
Single:clockCycles,12,1589626876.75,7581.856020530327,90.76699084722432,7348.93,0.96,0.4712069034576416,12.320318264911965
Single:text,12,47652.99,11.750006226696346,40.62540537318787,20.13,1.0,0.28360795974731445,2.82839345078901
Single:data,12,962.34,2.988925424784704,235.89953840353397,7.18,0.99,0.5001804828643799,23.838612754939234
Single:bss,12,101.5,0.5349527750085654,47.788021646690396,1.07,1.0,0.4119892120361328,5.170218729601906
