id,depth,MSE,NRMSE,RMSPE,MAE,R2,time,MAPE
Single:assemblyInstr,12,1279224176.15,8148.356764411637,8484.504348391221,6262.46,0.95,0.49454641342163086,219.34006340942506
Single:clockCycles,12,2210519544.52,10543.25462298706,4515.280110470377,8012.58,0.95,0.47179460525512695,94.05964216206684
Single:text,12,45219.79,11.150041457417492,41.73761278113336,17.19,1.0,0.28416872024536133,2.2126108949515952
Single:data,12,950.78,2.953021297438328,202.4137134543634,7.07,0.99,0.4959847927093506,21.692744661647613
Single:bss,12,75.71,0.3990273359201821,22.295582350683027,0.98,1.0,0.41790080070495605,3.213193000994883
