id,depth,MSE,NRMSE,RMSPE,MAE,R2,time,MAPE
Single:assemblyInstr,12,21168418.52,150.15411456761692,2.563329334357337,494.95,1.0,0.445300817489624,1.0819071024029725
Single:clockCycles,12,43567401.78,231.53087168933163,2.623360419234131,689.87,1.0,0.4395310878753662,0.9575700089655047
Single:text,12,17.83,0.04241506236857122,0.42150986024217657,0.75,1.0,0.25533485412597656,0.07322375347149261
Single:data,12,41.92,0.22171146401730926,4.417557270623501,1.6,1.0,0.3360757827758789,1.4981072191161333
Single:bss,12,0.1,0.0015175689688458319,2.062199519161184,0.07,1.0,0.2248523235321045,0.7180833360998035
