id,depth,MSE,NRMSE,RMSPE,MAE,R2,time,MAPE
Single:assemblyInstr,12,3636856.54,25.79734395638484,2.3282895843327474,275.68,1.0,0.46366429328918457,0.9975886015219414
Single:clockCycles,12,70025389.67,372.13693835933447,2.2168829403698873,653.29,1.0,0.4407072067260742,0.9090634706543692
Single:text,12,15.04,0.03577804475733658,0.6936871304653803,0.78,1.0,0.24856138229370117,0.08041362112103165
Single:data,12,38.57,0.20399358700256723,4.708227349065134,1.65,1.0,0.3351142406463623,1.4565357187094468
Single:bss,12,0.11,0.0016693258657304148,2.7165334310356264,0.07,1.0,0.22782397270202637,0.7388023871380645
