id,MSE,NRMSE,MAE,R2,time
"Single, feature removed:V_VAL_23",77.63,3.693297643718179,2.97,0.82,3.5439913272857666
"Single, feature removed:V_VAL_24",354.86,18.879637371905734,5.56,-0.0,4.099599599838257
"Single, feature removed:V_VAL_25",284.07,17.482855286102026,4.91,-0.08,3.7425589561462402
"Single, feature removed:V_VAL_26",231.02,16.213085205100224,5.19,-0.14,3.5046770572662354
"Single, feature removed:V_VAL_27",135.58,11.689874644717452,2.33,-0.01,3.8058431148529053
