id,kernel,RMSE,NRMSE,RMSPE,MAE,R2,time,MAPE
assemblyInstr,null,44164360.56,281.3165767379883,975.2600696528589,3064.08,1.0,0.016588926315307617,326.84262679681507
clockCycles,null,86254562.96,411.3982262388092,242.69611955298038,3309.73,1.0,0.0,109.72341419817543
text,null,4077348.7,1005.3697074079113,330.01175885434753,737.66,0.75,0.0,97.23785404409045
data,null,117944.47,366.3229472907197,559.9579874966353,130.51,-0.14,2.4014527797698975,307.3740599320498
bss,null,44027.25,232.0443306748342,66.88397508180218,95.38,-0.22,2.686189651489258,54.09687903816322
