id,kernel,RMSE,NRMSE,RMSPE,MAE,R2,time,MAPE
assemblyInstr,linear,1910314553.41,12168.253855458066,393.19984494239463,11509.57,0.92,0.0,135.88340965197236
clockCycles,linear,211485861.88,1008.6991976571229,802.469260899734,4579.09,1.0,0.0,233.12968966676465
text,linear,47156307.95,11627.537160637956,1387.406407372172,2338.53,-1.87,0.02453923225402832,370.80873823335264
data,linear,118296.3,367.4156937547574,590.7237451514429,130.89,-0.14,2.2659077644348145,319.77253306005025
bss,linear,44101.81,232.4372969694612,65.13380452393946,95.66,-0.23,2.0028977394104004,53.70192172087853
