id,depth,MSE,NRMSE,RMSPE,MAE,R2,time,MAPE
Single:assemblyInstr,12,1607608060.74,7857.342379171117,124.87150531986704,7989.26,0.96,0.5313234329223633,20.009823844682614
Single:clockCycles,16,2071404332.43,8350.494216839497,56.78380170041159,8809.16,0.97,0.6786088943481445,11.826796630432531
Single:text,12,1871.87,2.1768036361262726,0.33877115050141826,12.44,1.0,0.35244059562683105,0.09519711437676169
Single:data,10,3909.33,20.685934872076707,22.244531773151355,28.82,0.89,0.4100217819213867,9.388773758781953
Single:bss,10,353.42,5.387310958697479,3.7846310568844057,6.09,0.92,0.26721644401550293,1.2528357315511913
