id,depth,MSE,NRMSE,RMSPE,MAE,R2,time,MAPE
Single:assemblyInstr,12,1535221195.73,7503.544462857733,113.4816813257766,7293.29,0.96,0.5444984436035156,18.01910542553002
Single:clockCycles,16,2406679435.17,9702.095525501552,92.23264227665344,9133.29,0.96,0.6955394744873047,13.591843725678102
Single:text,12,2552.32,2.9681011269788016,0.3766691065665057,13.41,1.0,0.3464174270629883,0.10169005189036179
Single:data,10,3856.84,20.408187861352285,23.05158041020145,28.99,0.89,0.4818136692047119,9.679181131219742
Single:bss,10,422.86,6.445810401207673,3.8783900175520256,6.5,0.9,0.28672361373901367,1.2967418154469093
