id,depth,MSE,NRMSE,RMSPE,MAE,R2,time,MAPE
Single:assemblyInstr,12,33909.83,3.0071365896686726,4.864620046489416,73.5,1.0,0.3583378791809082,1.7082763054282473
Single:clockCycles,12,85535.38,5.252838161248324,4.122967504009169,118.51,1.0,0.3486208915710449,1.6589770018392747
Single:text,12,0.1,9.283543408213337e-05,0.11432034507166383,0.04,1.0,0.2298567295074463,0.01333029239157806
Single:data,12,0.0,0.0,0.0,0.0,1.0,0.22864341735839844,0.0
Single:bss,12,0.0,nan,nan,0.0,1.0,0.07855653762817383,nan
