id,kernel,RMSE,NRMSE,RMSPE,MAE,R2,time,MAPE
assemblyInstr,150,1652353.24,146.53131222013178,1474.2531242773323,776.89,0.99,0.7443666458129883,414.1027201895099
clockCycles,150,3525520.17,216.50674711711838,1237.6907380619882,1097.94,0.99,0.7663967609405518,365.3587608695967
text,1000,1910466.11,1773.58950621064,94.99278673509643,1008.44,-0.65,0.8059465885162354,79.25766083317303
data,500,38139.15,215.60755506363523,766.1278225433026,108.14,-0.22,0.8387598991394043,357.2324808685393
bss,1000,11234.16,inf,nan,52.1,0.0,0.8803083896636963,nan
