id,kernel,RMSE,NRMSE,RMSPE,MAE,R2,time,MAPE
assemblyInstr,150,7163538.28,35.01249731626086,8502.884397082502,1259.25,1.0,0.4600961208343506,1447.4827799781906
clockCycles,150,8654334.32,34.88839313422543,3776.7911230682103,1159.39,1.0,0.4684574604034424,707.6074592462124
text,500,2575831.94,2995.4432375336573,14.744855750875113,1232.61,-2.48,0.5340752601623535,11.444474065732436
data,1000,16942.85,89.6518563660187,95.17647000740655,76.13,0.53,0.4596867561340332,63.16792330064245
bss,1000,2448.81,37.32811088440858,21.935339109316647,30.51,0.43,0.48020148277282715,13.673784415890495
