id,kernel,RMSE,NRMSE,RMSPE,MAE,R2,time,MAPE
assemblyInstr,150,5568593.55,27.21704821052796,8565.829583999313,748.79,1.0,0.5237689018249512,1476.0885134343123
clockCycles,150,6180824.34,24.916882280497504,3786.905778376969,847.5,1.0,0.5057363510131836,711.1784726235502
text,500,3710647.72,4315.124153536075,15.750913424820064,1217.04,-4.02,0.532447338104248,10.349055665663496
data,1000,25012.71,132.35293260843835,93.13520591680413,92.0,0.3,0.5074186325073242,63.733854478668206
bss,1000,2898.99,44.19037008701844,18.392985484065978,32.67,0.33,0.49906325340270996,12.587469772904244
